author_id,topic,text,topic_id,discussion_stance_id,topic_stance_id,discussion_stance
2054,immigration,"['inmigrants', 'should', 'be', 'given', 'rights', 'but', 'only', 'after', 'they', 'have', 'given', 'saomething', 'back', 'to', 'the', 'place', 'they', 'have', 'been', 'living', 'at', ',', 'for', 'example', ',', 'military', 'service', ',', 'charity', 'services', ',', 'law', 'enforcement', ',', 'enforcing', 'education', 'and', 'cultural', 'growth', '.', 'anything', 'that', 'can', 'be', 'recognized', 'as', 'a', 'real', 'contributioin', '.', 'of', 'course', 'any', 'person', 'that', 'doesnâ´t', 'actually', 'give', 'anything', 'can', 'not', 'demand', 'anything', 'back', '.']",16,0,1,"""Illegal Inmigrants should be given amnesty or citizenship rights after a contribution or recognized"""
1077,immigration,"['absolutely', '.', 'if', 'they', 'contributed', 'a', 'tangible', 'service', 'to', 'society', 'then', 'they', 'deserve', 'some', 'sort', 'of', 'reward', 'for', 'doing', 'so', '.', 'even', 'if', 'they', 'immigrated', 'to', 'the', 'us', 'illegally', ',', 'it', ""'s"", 'not', 'their', 'fault', 'the', 'us', 'naturalization', 'process', 'is', 'so', 'long', 'and', 'difficult', '.']",16,0,1,"""Illegal Inmigrants should be given amnesty or citizenship rights after a contribution or recognized"""
1068,immigration,"['they', 'are', 'already', 'a', 'vital', 'part', 'of', 'our', 'economy', ',', 'and', 'in', 'many', 'cases', 'have', 'all', 'their', 'roots', 'in', 'this', 'country', '.', 'if', 'people', 'want', 'to', 'limit', 'or', 'prevent', 'new', 'immigration', '(', 'legal', 'or', 'illegal', ')', ',', 'there', 'may', 'be', 'valid', 'reasons', 'to', 'do', 'so', ',', 'but', 'turning', 'a', 'blind', 'eye', 'to', 'people', 'for', 'years', 'and', 'then', 'suddenly', 'kicking', 'them', 'out', 'of', 'the', 'country', 'is', 'inhumane', '.']",16,0,1,"""Illegal Inmigrants should be given amnesty or citizenship rights after a contribution or recognized"""
2054,immigration,"['and', 'as', 'for', 'illegal', 'inmigration', 'i', 'think', 'that', 'the', 'key', 'to', 'stop', 'it', 'is', 'assist', 'the', 'home', 'countries', 'of', 'the', 'inmigrants', 'so', 'that', 'they', 'donâ´t', 'search', 'for', 'a', 'way', 'of', 'subsistence', 'in', 'other', 'places', '.', 'but', 'i', 'donâ´t', 'mean', 'give', 'money', 'away', ',', 'that', 'only', 'generates', 'corruption', 'and', 'inefficient', 'governments', ',', 'i', 'mean', 'help', 'them', 'to', 'find', 'alternatives', 'for', 'developing', 'their', 'economies', ',', 'specially', 'if', 'theyâ´re', 'rural', 'economies', ',', 'that', 'way', 'you', 'donâ´t', 'help', 'only', 'one', 'inmigrant', ',', 'you', 'help', 'an', 'entirer', 'nation', '.']",16,0,1,"""Illegal Inmigrants should be given amnesty or citizenship rights after a contribution or recognized"""
2054,immigration,"['i', 'actually', 'believe', 'that', 'itâ´s', 'unfair', 'not', 'playing', 'by', 'the', 'rules', ',', 'but', 'what', 'if', 'you', 'could', 'make', 'some', 'arrangements', 'for', 'people', 'that', 'give', 'a', 'lot', 'to', 'your', 'community', ',', 'not', 'only', 'to', 'your', 'economy', ',', 'wouldnâ´t', 'you', 'endorse', 'that', '?', 'for', 'example', ',', 'look', 'at', 'european', 'soccer', 'teams', ',', 'the', 'finest', 'ones', 'offer', 'assistance', 'to', 'their', 'players', 'so', 'that', 'they', 'can', 'be', 'a', 'part', 'of', 'their', 'corresponding', 'countries', ',', 'like', 'rafael', 'marquez', 'in', 'barcelona', '.', 'of', 'course', ',', 'on', 'the', 'other', 'side', ',', 'if', 'they', 'donâ´t', 'give', 'anything', 'to', 'their', '``', 'team', ""''"", ',', 'how', 'could', 'they', 'expect', 'to', 'get', 'anything', 'back', '.', 'again', 'to', 'sports', ',', 'what', 'if', 'you', 'could', 'get', 'the', 'best', 'baseball', 'player', 'in', 'the', 'world', ',', 'but', 'couldnâ´t', 'get', 'him', 'just', 'because', 'heâ´s', 'cuban', '?', 'and', 'besides', ',', 'most', 'countries', 'are', 'formed', 'of', 'inmigrants', '.', 'america', 'was', '``', 'founded', ""''"", 'by', 'pilgrims', 'that', 'took', 'over', 'native', 'americansâ´', 'lands', '.', 'if', 'they', 'were', 'rejected', 'back', 'then', ',', 'we', 'might', 'be', 'living', 'in', 'some', 'sort', 'of', 'medieval', 'age', 'right', 'now', '.']",16,0,1,"""Illegal Inmigrants should be given amnesty or citizenship rights after a contribution or recognized"""
1299,immigration,"['i', 'do', ""n't"", 'believe', 'in', 'amnesty', ',', 'per', 'se', ',', 'but', 'a', 'defined', 'path', 'to', 'citizenship', 'for', 'people', 'that', 'live', 'in', 'america', '?', 'of', 'course', '!', 'without', 'immigrants', ',', 'america', 'would', ""n't"", 'exist', '.', 'the', 'glory', 'of', 'america', 'is', 'its', 'melting', 'pot', '!', 'and', 'if', 'your', 'problem', 'is', 'just', 'that', 'the', 'ones', 'now', 'tend', 'to', 'be', 'illegal', ',', 'as', 'opposed', 'to', 'the', 'past', ',', 'you', ""'re"", 'forgetting', 'that', 'an', 'awful', 'lot', 'of', 'people', 'at', 'ellis', 'island', 'were', ""n't"", 'legal', ',', 'either', '.', '(', 'the', 'derogatory', 'term', 'for', 'italian', 'americans', ',', '``', 'wop', ""''"", 'stands', 'for', 'with', 'out', 'papers', ',', 'because', 'they', 'were', 'coming', 'here', 'illegally', '.', ')', 'but', 'whether', 'or', 'not', 'you', 'agree', 'with', 'the', 'idea', 'of', 'immigration', ',', 'you', ""'ve"", 'got', 'to', 'admit', 'that', 'these', 'people', 'are', 'here', ',', 'now', '.', 'it', ""'s"", 'not', 'only', 'inhumane', 'to', 'kick', 'them', 'out', ',', 'it', ""'s"", 'impractical', '.', 'they', ""'re"", 'already', 'living', 'in', 'the', 'shadows', '.', 'what', 'are', 'you', 'going', 'to', 'do', ',', 'make', 'a', 'mandatory', 'citizenship', 'card', 'and', 'check', 'everyone', '?', 'these', 'people', 'are', 'here', ',', 'and', 'changing', 'our', 'economy', '(', 'if', 'they', ""'re"", 'not', 'registered', ',', 'they', 'do', ""n't"", 'have', 'to', 'be', 'paid', 'minimum', 'wage', '...', ')', '.', 'these', 'people', 'are', 'here', ',', 'and', 'they', ""'re"", 'being', 'abused', '.', 'the', 'solution', 'for', 'both', 'problems', 'is', 'making', 'them', 'citizens', '.', 'should', 'they', 'just', 'be', 'given', 'citizenship', 'rights', 'with', 'a', 'snap', 'of', 'the', 'fingers', '?', 'no', ',', 'of', 'course', 'not', '.', 'american', 'citizenship', 'should', 'be', 'earned', '.', 'they', 'should', 'be', 'enrolled', 'in', 'the', 'same', 'programs', 'that', 'legal', 'immigrants', 'are', 'in', ',', 'to', 'learn', 'about', 'the', 'constitution', ',', 'our', 'history', ',', 'etc', '.', '(', 'come', 'to', 'think', 'about', 'it', ',', 'this', 'should', 'be', 'mandatory', 'for', 'all', 'voters', ',', 'not', 'just', 'immigrants', '.', ')']",16,0,1,"""Illegal Inmigrants should be given amnesty or citizenship rights after a contribution or recognized"""
2270,immigration,"['first', 'of', 'all', 'it', ""'s"", 'bs', 'to', 'refer', 'to', 'human', 'beings', 'as', '``', 'illegal', '.', ""''"", 'even', 'if', 'you', 'think', 'someone', 'broke', 'the', 'law', ',', 'why', 'ca', ""n't"", 'you', 'say', 'they', 'illegally', 'immigrated', ',', 'not', 'that', 'they', 'are', 'an', 'illegal', 'immigrant', '.', 'the', 'action', 'is', 'what', 'is', 'illegal', ',', 'not', 'the', 'person', '.', 'secondly', ',', 'comparing', 'all', 'documented', 'immigrants', 'against', 'all', 'undocumented', 'immigrants', 'is', 'not', 'a', 'fair', 'comparison', '.', 'take', 'a', 'look', 'at', 'the', 'immigration', 'laws', 'in', 'the', 'u.s.', 'the', 'system', 'is', 'and', 'always', 'has', 'been', 'slanted', 'favorable', 'toward', 'eastern', 'europeans', '.', 'the', 'caps', 'placed', 'make', 'it', 'near', 'impossible', 'for', 'someone', 'from', 'latin', 'america', 'to', 'immigrate', 'legally', 'without', 'a', '15+', 'year', 'waiting', 'period', '.', 'the', 'quotas', 'that', 'are', 'set', 'and', 'who', 'are', 'allowed', 'to', 'take', 'them', 'are', 'ridiculous', '.', 'third', ',', 'why', 'do', 'you', 'make', 'the', 'assumption', 'that', 'just', 'because', 'something', 'is', 'illegal', 'it', 'is', 'wrong', '?', 'what', 'authority', 'do', 'we', 'have', 'to', 'draw', 'an', 'invisible', 'line', 'arbitrarily', 'in', 'the', 'sand', 'and', 'say', 'that', 'those', 'on', 'this', 'side', 'of', 'the', 'line', 'are', 'entitled', 'to', 'human', 'rights', 'and', 'those', 'on', 'the', 'other', 'side', 'are', 'not', '.', 'they', 'are', 'not', 'equal', 'to', 'us', 'because', 'they', 'were', 'born', 'on', 'the', 'other', 'side', 'of', 'an', 'invisible', 'line', '.', 'it', ""'s"", 'nuts', '.']",16,0,1,"""Illegal Inmigrants should be given amnesty or citizenship rights after a contribution or recognized"""
2270,immigration,"['that', 'is', 'an', 'absurd', 'metaphor', '.', 'by', 'this', 'logic', 'every', 'full-born', 'citizen', 'was', 'born', 'in', 'your', 'house', 'and', 'somehow', 'you', 'do', ""n't"", 'have', 'to', 'take', 'care', 'of', 'all', 'of', 'them', '.', 'every', 'citizen', 'who', 'stayed', 'past', 'their', 'limit', 'on', 'a', 'visa', 'broke', 'into', 'your', 'house', ',', 'but', 'you', 'took', 'care', 'of', 'them', 'and', 'then', 'eventually', 'you', 'told', 'them', 'they', 'could', 'stay', '.', 'it', 'is', 'really', 'ignorant', 'to', 'widdle', 'this', 'down', 'to', 'an', 'individual', 'basis', '.', 'despite', 'your', 'ridiculous', 'metaphor', ',', 'this', 'country', 'is', 'not', 'private', 'property', 'and', 'if', 'you', 'want', 'to', 'liken', 'it', 'to', 'a', 'house', ',', 'it', 'is', 'a', 'house', 'with', '300', 'million', 'people', 'living', 'in', 'it', 'already', '.', 'those', 'protesters', 'you', 'are', 'talking', 'about', 'already', 'live', 'in', 'the', 'house', '.', 'the', 'police', 'you', 'are', 'calling', 'live', 'in', 'the', 'house', 'too', '.']",16,0,1,"""Illegal Inmigrants should be given amnesty or citizenship rights after a contribution or recognized"""
334,immigration,"['first', 'of', 'all', ',', 'not', 'every', 'immigrant', 'has', 'the', 'money', 'to', 'do', 'the', 'legal', 'process', 'to', 'get', 'amnesty', 'or', 'anything', 'of', 'that', 'matter', 'next', 'time', 'you', 'hear', 'about', 'a', 'child', 'who', 'had', 'came', 'here', 'illegally', 'to', 'have', 'an', 'education', 'or', 'so', 'their', 'family', 'wo', ""n't"", 'live', 'in', 'poverty', ',', 'spit', 'in', 'their', 'face', 'and', 'tell', 'them', 'they', 'are', 'worthless', 'because', 'they', 'did', ""n't"", 'come', 'here', 'legally', 'and', 'now', 'all', 'they', 'deserve', 'is', 'to', 'go', 'back', 'home', 'in', 'poverty', 'just', 'because', 'they', 'did', ""n't"", 'come', 'here', 'the', 'right', 'way']",16,0,1,"""Illegal Inmigrants should be given amnesty or citizenship rights after a contribution or recognized"""
828,immigration,"['i', 'personally', 'feel', 'that', 'building', 'a', 'border', 'fence', 'is', 'a', 'waste', 'of', 'tax', 'payer', ""'s"", 'money', '.', 'the', 'border', 'is', 'a', 'long', 'stretch', 'of', 'land', 'and', 'even', 'with', 'a', 'fence', 'people', 'will', 'still', 'find', 'ways', 'in', 'if', 'they', 'really', 'want', 'to', '.', 'the', 'main', 'problem', 'here', 'is', 'cost', 'and', 'not', 'just', 'in', 'the', 'initial', 'fence', 'but', 'in', 'the', 'man', 'power', 'required', 'to', 'watch', 'over', 'it', 'for', 'an', 'indefinite', 'period', 'of', 'time', '.', 'the', 'better', 'solution', 'would', 'be', 'to', 'truly', 'come', 'up', 'with', 'a', 'plan', 'for', 'immigration', 'and', 'how', 'to', 'treat', 'it', 'rather', 'than', 'just', 'masking', 'the', 'problem', 'with', 'a', 'fence', '.']",16,1,1,"""A fence should not be built, other solutions are available."""
79,immigration,"['i', 'voted', 'for', 'the', 'other', 'side', '.', 'but', 'after', 'careful', 'consideration', ',', 'i', 'dont', 'think', 'a', 'fence', 'would', 'do', 'it', '.', 'i', 'think', 'a', 'stretch', 'of', 'hidden', 'landmines', 'should', 'be', 'installed', '.', 'fences', 'require', 'maintenance', 'costing', 'additional', 'tax', 'dollars', '.', 'landmines', 'probably', 'doesnt', 'last', 'very', 'long', 'either', 'but', 'you', 'wouldnt', 'know', 'exactly', 'how', 'long', 'until', 'you', 'step', 'on', 'one', '(', 'tick', 'tick', ')', ',', 'would', 'you', '?', 'and', 'i', 'think', 'most', 'people', 'in', 'their', 'right', 'mind', 'would', 'not', 'want', 'to', 'risk', 'being', 'blown', 'up', 'to', 'cross', 'the', 'border', '.', 'so', 'it', 'should', 'keep', 'the', 'numbers', 'low', '.', ""c'mon"", 'a', 'few', 'fatalities', 'is', 'to', 'be', 'expected', '.', 'lighten', 'up', '.', 'if', 'you', 'get', 'blow', 'up', '.', 'all', 'your', 'problems', 'goes', 'away', '.', 'and', 'knowing', 'is', 'half', 'the', 'battle', '.', 'gi', 'joe', '...', '..']",16,1,1,"""A fence should not be built, other solutions are available."""
375,immigration,"['most', 'immigrants', 'do', ""n't"", 'get', 'in', 'through', 'a', '``', 'border', 'run', ""''"", 'but', 'are', 'transported', 'in', 'hidden', 'in', 'trucks', ',', 'ships', ',', 'and', 'planes', '.', 'so', 'the', 'fence', 'would', ""n't"", 'help', 'much', '.']",16,1,1,"""A fence should not be built, other solutions are available."""
2139,immigration,"['building', 'a', 'fence', 'would', 'violate', 'our', 'natural', 'rights', '.', 'what', 'kind', 'of', 'authority', 'is', 'there', 'that', 'does', ""n't"", 'allow', 'me', 'to', 'cross', 'a', 'border', '?', 'am', 'i', 'an', 'alien', 'to', 'those', 'lands', '?', 'that', ""'s"", 'like', 'not', 'letting', 'a', 'chicken', 'get', 'to', 'it', ""'s"", 'feeding', 'lot', ',', 'yet', 'we', 'still', 'have', 'to', 'control', 'our', 'economy', 'and', 'infrastructure', 'one', 'way', '.', 'yeah', 'it', ""'s"", 'fine', 'to', 'say', 'from', 'our', 'american', 'houses', 'to', 'these', 'inmigrants', 'to', 'f', 'off', 'since', 'we', 'were', 'here', 'in', 'the', 'first', 'place', '.', 'yet', 'did', 'we', 'not', 'take', 'the', 'lands', 'from', 'native', 'americans', '?']",16,1,1,"""A fence should not be built, other solutions are available."""
775,immigration,"['we', 'have', 'guns', 'for', 'a', 'reason']",16,1,1,"""A fence should not be built, other solutions are available."""
375,immigration,"['this', 'is', 'true', ',', 'but', 'many', 'also', 'hide', 'in', 'the', 'back', 'of', 'truck', '(', 'or', 'the', 'bottom', 'of', 'trucks', ')', 'otherwise', 'legally', 'entering', '.', 'or', 'they', 'could', 'boat', 'over', 'like', 'that', 'cuban', 'kid', '.', 'the', 'fence', 'might', 'help', 'a', 'bit', ',', 'but', 'it', 'could', 'make', 'guards', 'too', 'lax', '.']",16,1,1,"""A fence should not be built, other solutions are available."""
1388,immigration,"['the', 'first', 'time', 'i', 'heard', 'of', 'this', 'idea', ',', 'i', 'thought', 'it', 'was', 'a', 'joke', '.', 'a', 'big', 'fence', 'might', 'keep', 'the', 'ones', 'that', 'walk', 'in', 'the', 'desert', 'out', ',', 'but', 'the', 'ones', 'that', 'hide', 'in', 'or', 'under', 'cars', 'can', 'still', 'get', 'through', '.']",16,1,1,"""A fence should not be built, other solutions are available."""
1783,immigration,"['``', 'i', 'am', 'descended', 'from', 'a', 'more', 'recently', 'immigrated', 'family', ',', 'personally', ',', 'but', 'that', 'is', 'certainly', 'off', 'topic.', '``', 'oh', '?', 'nice', 'that', 'we', 'made', 'it', 'in', 'before', 'the', 'wall', ',', 'then', '!', '!', 'whew', '!', 'now', 'let', ""'s"", 'hurry', 'back', ""'on"", 'topic', ""'"", '!']",16,1,1,"""A fence should not be built, other solutions are available."""
2530,immigration,"['[', 'img', ']', 'http', ':', '//sfgate.com/c/pictures/2006/05/29/mn_border_fence_1.jpg', '[', '/img', ']', 'not', 'sure', 'if', 'image', 'tags', 'work', 'on', 'here', ',', 'but', 'if', 'the', 'pic', 'doesnt', 'show', ',', ',', 'its', 'what', 'they', 'are', 'in', 'the', 'process', 'of', 'building', ',', ',', 'its', 'about', '3', 'feet', 'tall', 'with', '3', 'strands', 'of', 'barbed', 'wire', ',', ',', 'ya', ',', 'like', 'tthats', 'gon', 'na', 'work', '.']",16,1,1,"""A fence should not be built, other solutions are available."""
1000,immigration,"['i', 'think', 'it', 'is', 'absoulutly', 'ridiculous', 'that', 'someone', 'would', 'suggest', 'buliding', 'a', 'stretch', 'of', 'landmines', '.', 'these', 'are', 'people', 'not', 'animals', '.', 'the', 'people', 'who', 'are', 'running', 'across', 'the', 'borders', 'are', 'people', 'who', 'want', 'to', 'make', 'a', 'better', 'life', 'for', 'their', 'families', '.', 'they', 'are', 'coming', 'over', 'to', 'work', 'for', 'barely', 'anything', 'and', 'are', 'will', 'to', 'do', 'whatever', 'it', 'takes', '.', 'i', 'dont', 'know', 'what', 'needs', 'to', 'be', 'done', 'to', 'help', 'prevent', 'the', 'number', 'of', 'illegal', 'immigrants', 'crossing', 'the', 'border', 'but', 'something', 'humane', 'and', 'fair', 'can', 'be', 'done', '.', 'building', 'a', 'wall', 'is', 'not', 'going', 'to', 'do', 'anything', '.', 'these', 'people', 'are', 'desperate', 'and', 'will', 'do', 'whatever', 'it', 'takes', 'to', 'create', 'a', 'better', 'life', 'for', 'their', 'families', '.', 'wouldnt', 'you', '?']",16,1,1,"""A fence should not be built, other solutions are available."""
3083,immigration,"['it', 'is', 'already', 'allowed', '.', 'there', 'is', 'a', 'legal', 'process', 'for', 'foreigners', 'to', 'enter', 'and', 'even', 'become', 'legal', 'residents', 'of', 'this', 'country', '.', 'corporations', 'and', 'those', 'on', 'vacation', 'make', 'use', 'of', 'legal', 'entrance', 'to', 'our', 'country', 'on', 'a', 'daily', 'basis', '.', 'we', 'can', 'not', 'afford', 'to', 'allow', 'people', 'to', 'cross', 'our', 'borders', 'illegally', 'without', 'knowing', 'who', 'they', 'are', '(', 'criminals', ',', 'most', 'likely', ',', 'and', 'terrorists', 'also', 'a', 'threat', ')', 'or', 'what', 'they', 'are', 'bringing', 'in', '(', 'from', 'alien', 'plant', 'and', 'animal', 'life', 'that', 'can', 'wreak', 'havoc', 'on', 'our', 'ecosystems', 'to', 'weapons', ',', 'poisons', ',', 'drugs', ',', 'or', 'toxic', 'materials', 'that', 'can', 'be', 'used', 'against', 'us', 'or', 'sold', 'to', 'criminals', 'in', 'our', 'country', 'already', ')', '.', 'send', 'us', 'your', 'poor', ',', 'your', 'huddle', 'masses', ',', 'but', 'we', ""'re"", 'not', 'going', 'to', 'sacrifice', 'our', 'national', 'security', 'and', 'more', 'importantly', 'sovereignty', 'by', 'letting', 'hundreds', 'of', 'thousands', 'of', 'undocumented', 'criminals', 'into', 'our', 'hometowns', 'and', 'backyards', '.']",16,0,1,"""Yes, It makes moral as well as financial sense to allow immigrants into the United States."""
96,immigration,"['no', '.', 'it', ""'s"", 'no', 'different', 'than', 'me', 'breaking', 'into', 'your', 'house', 'and', 'taking', 'something', 'out', 'of', 'it', 'which', 'is', ""n't"", 'mine', '.', 'even', 'if', '5000', 'immigrants', 'out', 'of', '7000', 'immigrants', 'get', 'their', 'citizenship', ',', 'the', 'damage', 'was', 'already', 'done', '.', 'we', 'spend', 'our', 'taxpayer', 'money', 'on', 'their', 'benefits', '.', 'the', 'more', 'they', 'receive', ',', 'the', 'less', 'we', 'receive', '.', 'action', 'must', 'be', 'taken', '.']",16,0,1,"""Yes, It makes moral as well as financial sense to allow immigrants into the United States."""
3417,immigration,"['iâ€™m', 'not', 'saying', 'that', 'all', 'are', 'criminals', 'but', 'if', 'even', 'one', 'death', 'or', 'robbery', 'occurred', 'because', 'of', 'them', 'it', 'was', 'to', 'much', '.', 'what', 'about', 'legal', 'immigrants', '?', 'or', 'even', 'natural', 'citizens', '?', 'its', 'ok', 'for', 'the', 'them', 'to', 'committ', 'crimes', 'because', 'they', 'are', 'paying', 'their', 'taxes', '?']",16,1,1,Disagree
3433,immigration,"['perhaps', 'if', 'society', 'were', 'a', 'bit', 'easier', 'on', 'these', 'people', ',', 'both', 'in', 'the', 'us', 'and', 'in', 'mexico/cuba', ',', 'then', 'they', 'would', ""n't"", 'have', 'to', 'come', 'illegally', '!']",16,1,1,Disagree
3317,immigration,"['what', 'you', 'have', 'made', 'here', 'is', 'a', 'statement', 'with', 'no', 'point', 'to', 'agree', 'or', 'disagree', 'with', 'from', 'what', 'i', 'can', 'tell', '.', 'you', 'point', 'out', 'that', 'illegal', 'immigrants', 'cause', 'economic', 'and', 'social', 'hardships', '.', 'okay', ',', 'we', 'all', 'know', 'this', '.', 'but', ',', 'they', 'are', 'by', 'definition', '-', 'illegal', '.', 'its', 'a', 'self', 'evident', 'statement', '-', 'like', 'saying', 'drunk', 'drivers', 'are', 'a', 'menace', 'on', 'the', 'roads', '.', 'so', ',', 'what', 'exactly', 'is', 'your', 'point', '?', 'what', 'are', 'you', 'proposing', 'here', '?', 'do', 'you', 'have', 'a', 'solution', ',', 'are', 'you', 'looking', 'for', 'a', 'cause', 'for', 'the', 'problem', '?', 'this', 'is', 'a', 'good', 'topic', ',', 'can', 'you', 'set', 'the', 'stage', 'for', 'an', 'arguement', '?']",16,1,1,Disagree
450,immigration,"['i', 'found', 'it', 'very', 'curious', 'that', 'jordyz', 'singled', 'out', 'mexicans', 'and', 'cubans', 'because', 'besides', 'mexico', ',', 'there', 'are', 'several', 'countries', 'that', 'produce', 'many', 'more', 'immigrants', 'than', 'cuba', '.', 'second', 'of', 'all', 'jordyz', 'most', 'likley', 'lives', 'in', 'so', 'florida', 'which', 'is', 'then', 'only', 'place', 'that', 'cuban', 'immigrants', 'are', 'part', 'of', 'the', 'scene', '.', 'finally', ',', 'cubans', 'are', 'not', 'illegal', 'immigrants', 'because', 'cubans', 'have', 'a', 'special', 'policy', 'just', 'for', 'them', '.', 'any', 'cuban', 'that', 'touches', 'us', 'soil', 'is', 'not', 'an', 'illegal', ',', 'he', 'is', 'granted', 'immediate', 'residence', 'because', 'of', 'the', '``', 'wet', 'foot-dry', 'foot', ""''"", 'law', '.', 'after', '1', 'year', 'and', '1', 'day', 'a', 'cuban', 'is', 'qualified', 'for', 'official', 'us', 'residency', ',', 'the', '``', 'green', 'card', ""''"", 'this', 'is', 'a', 'ploicy', 'i', 'have', 'problems', 'with', 'but', 'nevertheless', 'it', 'exists', ',', 'there', 'have', 'been', 'cases', 'where', 'a', 'ship', 'comes', 'in', 'with', 'haitians', 'and', 'cubans', ',', 'the', 'cubans', 'stay', 'and', 'the', 'haitians', 'get', 're-patriated', ',', 'bizzarre', 'because', 'haiti', ""'s"", 'living', 'conditions', 'and', 'political', 'prosecution', 'are', 'far', 'worse', 'than', 'cuba', 'the', 'us', 'must', 'bear', 'a', 'great', 'deal', 'of', 'responsibility', 'for', 'causing', 'the', 'conditions', 'in', 'mexico', ',', 'central', 'america', ',', 'south', 'america', 'and', 'elsewhere', 'that', 'force', 'persons', 'to', 'abandon', 'their', 'homeland', 'and', 'desire', 'to', 'come', 'to', 'the', 'us']",16,1,1,Disagree
450,immigration,"['you', 'must', 'stop', 'with', 'making', 'chrisitianity', 'an', 'issue', 'for', 'everything', ',', 'i', ""'ll"", 'wipe', 'my', 'a**', 'with', 'the', 'pages', 'of', 'the', 'bible', 'for', 'all', 'it', 'is', 'worth', '.', 'latinos-hispanics-spanish', 'speakers', 'come', 'in', 'all', 'races', 'and', 'religions', 'and', 'are', 'diverse', '.', 'he', 'in', 'so', 'cal', 'a', 'true', 'melting', 'pot', 'of', 'latinos', 'i', 'have', 'learned', 'the', 'differences', 'amongs', 'latins', ',', 'they', 'are', 'not', 'monolithic', ',', 'they', 'are', 'not', 'all', 'catholics', 'or', 'chrisitians', 'either', ',', 'they', 'are', 'muslims', ',', 'buddhists', ',', 'atheists', 'et', 'al', 'puerto', 'ricans', 'are', 'us', 'citizens', 'just', 'as', 'much', 'as', 'people', 'born', 'in', 'denver', 'or', 'pasadena', ',', 'cubans', 'can', 'not', 'be', 'illegal', 'immigrants', 'because', 'of', 'the', 'wet', 'foot', ',', 'dry', 'foot', 'law', 'made', 'just', 'for', 'them', '.']",16,1,1,Disagree
450,immigration,"['the', 'us', 'breaks', 'the', 'legs', 'of', 'many', 'nations', 'and', 'then', 'accusses', 'them', 'of', 'being', 'cripple', '.', 'the', 'usa', 'is', 'not', 'the', 'sole', 'factor', 'for', 'the', 'reasons', 'many', 'citizens', 'of', 'the', 'americas', 'want', 'to', 'migrate', 'to', 'the', 'us', 'but', 'they', 'are', 'a', 'contributer', '.', 'the', 'us', 'stole', 'the', 'land', 'they', 'built', 'the', 'canal', 'on', ',', 'panama', 'was', 'not', 'a', 'country', 'it', 'was', 'a', 'province', 'of', 'colombia', 'until', 'the', 'us', 'intervened', 'for', 'their', 'own', 'benefit', 'and', 'created', 'the', 'nation', 'of', 'panama', 'without', 'compensation', 'to', 'colombia', 'every', 'hear', 'of', 'the', 'monroe', 'doctirne', '?', 'the', 'platt', 'amendment', '?', ',', 'discover', 'them', 'and', 'learn', '.', 'remember', 'contra', 'gate', '?', 'the', 'invasion', 'of', 'grenada', '?', ',', 'the', 'dominican', 'republic', '?', 'check', 'out', 'this', 'landmark', 'book', ',', 'the', 'open', 'veins', 'of', 'latin', 'america', ""''"", ',', 'it', 'is', 'the', 'book', 'given', 'to', 'obama', 'by', 'chavez', 'in', 'the', 'recent', 'conference', 'in', 'trinidad', '.', 'here', ""'s"", 'a', 'review', 'in', 'open', 'veins', 'of', 'latin', 'america', 'galeano', 'analyzes', 'the', 'history', 'of', 'latin', 'america', 'as', 'a', 'whole', 'from', 'the', 'time', 'period', 'of', 'the', 'european', 'discovery', 'of', 'the', 'new', 'world', 'to', 'contemporary', 'latin', 'america', 'arguing', 'against', 'european', 'and', 'later', 'u.s.', 'economic', 'exploitation', 'and', 'political', 'dominance', 'over', 'the', 'region', '.', 'the', 'library', 'journal', 'review', 'stated', ',', '``', 'well', 'written', 'and', 'passionately', 'stated', ',', 'this', 'is', 'an', 'intellectually', 'honest', 'and', 'valuable', 'study']",16,1,1,Disagree
986,immigration,"['if', 'illegal', 'imagration', 'is', 'that', 'big', 'of', 'a', 'problem', 'we', 'can', 'take', 'that', '10', 'billon', 'dollars', 'and', 'make', 'a', 'nice', 'wall', 'with', 'it', ',', 'if', 'that', 'dose', ""n't"", 'fix', 'the', 'problem', 'then', 'the', 'problem', 'is', ""n't"", 'imigration']",16,1,1,Disagree
368,immigration,"['...', 'racist', '.', 'enough', 'said', '.']",16,1,1,Disagree
368,immigration,"['there', ""'s"", 'a', 'reason', 'people', 'immigrate', 'to', 'the', 'united', 'states', '.', 'some', 'people', 'are', 'simply', 'born', 'into', 'poverty', '.', 'if', 'it', 'were', 'you', ',', 'why', 'would', 'you', 'not', 'come', 'to', 'a', 'land', 'which', 'is', 'rumoured', 'to', 'have', 'more', 'opportunities', '?', 'everyone', 'should', 'get', 'a', 'chance', 'at', 'something', 'like', 'america', '.', 'granted', ',', 'there', 'should', 'be', 'some', 'restrictions', 'so', 'we', 'do', ""n't"", 'become', 'an', 'overcrowded', 'pig', 'sty', 'of', 'a', 'country', '...', 'but', 'it', ""'s"", 'about', 'time', 'americans', 'stopped', 'hogging', 'at', 'least', 'some', 'of', 'their', 'good', 'fortune', '.', 'by', 'the', 'way', ',', 'this', 'to', 'denverdannydee', 'especially', ',', 'just', 'because', 'someone', 'speaks', 'a', 'different', 'language', 'does', ""n't"", 'mean', 'they', 'are', 'some', 'sort', 'of', 'outer', 'space', 'freak', '.', 'they', 'are', 'people', 'just', 'like', 'everyone', 'else', '.', 'maybe', 'you', 'should', 'go', 'to', 'france', 'if', 'you', 'want', 'to', 'know', 'what', 'it', ""'s"", 'like', '...', 'some', 'of', 'them', 'are', 'just', 'simply', 'nasty', 'to', 'foreigners', ',', 'especially', 'americans', 'for', 'some', 'reason', '.']",16,1,1,Disagree
368,immigration,"['you', 'are', 'saying', 'that', 'all', 'immigrants', 'are', 'lazy', ',', 'dirty', ',', 'destructive', 'and', 'deadly', '?', 'that', 'is', 'definitely', 'not', 'true', ',', 'and', 'i', ""'m"", 'sure', 'you', 'know', 'it', '...', 'if', 'you', 'really', 'believe', 'it', ',', 'i', 'must', 'ask', 'you', 'to', 'prove', 'that', 'they', 'are', 'all', 'of', 'those', 'things', '.', 'born', 'americans', 'can', 'be', 'lazy', ',', 'dirty', ',', 'destructive', 'and', 'deadly', 'as', 'well', '...', 'you', 'ca', ""n't"", 'just', 'single', 'out', 'immigrants', 'because', 'for', 'some', 'reason', 'you', 'do', ""n't"", 'like', 'them', '.']",16,1,1,Disagree
171,immigration,"['if', 'i', 'was', 'in', 'the', 'states', 'for', 'may', 'day', 'i', ""'d"", 'go', 'rally', ':', 'p']",16,0,1,"""Racist, bad for the country"""
450,immigration,"['i', 'am', 'for', 'every', 'nation', 'securing', 'their', 'borders', 'and', 'not', 'allowing', 'immigrants', 'in', 'wihout', 'permission', ',', 'proper', 'clearance', 'and', 'necessary', 'papers', '.', 'the', 'situation', 'in', 'arizona', 'is', 'racist', 'and', 'it', ""'s"", 'not', 'the', 'way', 'to', 'conduct', 'themselves-this', 'from', 'the', 'same', 'state', 'that', 'refused', 'to', 'acknowledge', 'mlk', 'day', 'as', 'holiday', 'until', 'it', 'was', 'necessary', 'for', 'their', 'tourism', 'income', 'survivial', ',', 'this', 'from', 'the', 'state', 'of', 'barry', 'goldwater', '.', 'will', 'az', 'officials', 'stop', 'european', 'looking', 'people', 'to', 'see', 'if', 'their', 'illegals', 'immigrants', 'from', 'russia', ',', 'germany', ',', 'sweden', 'or', 'where', 'ever', 'else', '?', 'no', ',', 'they', 'would', 'blend', 'in', 'and', 'not', 'be', 'easily', 'spotted', 'as', 'blacks', ',', 'latinos', 'and', 'asians', 'who', 'will', 'be', 'the', 'ones', 'hassled', '.', 'arizona', 'is', 'pursuing', '``', 'police', 'state', ""''"", ',', 'totalitarism', 'tactics', 'and', 'that', ""'s"", 'what', 'is', 'wrong']",16,0,1,"""Racist, bad for the country"""
3713,immigration,"['^^^^', 'the', 'law', 'specifically', 'states', 'that', 'race', 'alone', 'without', 'any', 'other', 'factor', 'can', 'not', 'be', 'a', 'determining', 'factor', 'in', 'establishing', 'probable', 'cause', 'or', 'reasonable', 'suspicion', 'for', 'a', 'stop', '^^^^^^', 'that', 'is', 'what', 'the', 'law', 'may', 'say', 'but', 'we', 'all', 'know', 'that', 'the', 'police', 'force', 'profiles', 'and', 'does', ""n't"", 'follow', 'the', 'letter', 'of', 'the', 'law', ',', 'i', 'would', ""n't"", 'expect', 'any', 'other', 'type', 'of', 'reply', 'from', 'a', 'police', 'officer', 'like', 'you']",16,0,1,"""Racist, bad for the country"""
4229,immigration,"['why', 'do', ""n't"", 'we', 'create', 'a', 'bill', 'that', 'does', ""n't"", 'allow', 'white', 'people', 'to', 'enter', 'any', 'building', 'that', 'harbors', 'at', 'least', 'one', 'minority..', 'if', 'you', 'are', 'fine', 'with', 'that', ',', 'then', 'the', 'arizona', 'immigration', 'bill', 'is', 'not', 'unconstitutional', '.', 'otherwise..']",16,0,1,"""Racist, bad for the country"""
4229,immigration,"['the', 'law', 'also', 'states', 'that', 'cops', '--', 'like', 'you', ',', 'i', 'assume', '--', 'can', 'not', 'use', 'the', 'power', 'of', 'being', 'a', 'police', 'officer', 'for', 'personal', 'gain', '.', 'but', 'that', 'still', 'happens', '.', 'and', ',', 'unless', 'you', 'understand', 'fully', 'what', 'is', 'stated', 'in', 'the', 'constitution', ',', 'you', 'should', 'shut', 'your', 'mouth', '.', 'do', 'you', 'see', 'regular', 'people', 'screwing', 'us', 'over', '?', 'no', ',', 'you', 'see', 'people', 'like', 'you', 'doing', 'that', '.']",16,0,1,"""Racist, bad for the country"""
4229,immigration,"['actually', ',', 'it', ""'s"", 'less', 'than', '30', '%', 'dumbass', '.', 'and', ',', 'if', 'you', 'have', 'an', 'issue', 'with', 'that', ',', 'following', 'your', 'line', 'of', 'reasoning', '(', 'of', 'course', ')', ':', 'all', 'cops', 'are', 'dirty', 'rotten', 'pigs', '!', 'i', ""'m"", 'sure', 'you', 'will', 'disagree', '.', 'but', 'i', ""'ve"", 'never', 'known', 'a', 'dirty', 'rotten', 'cop', 'to', 'admit', 'he', 'is', 'a', 'dirty', 'rotten', 'cop..']",16,0,1,"""Racist, bad for the country"""
4229,immigration,"['okay', ',', 'idiot..', 'do', 'i', 'have', 'your', 'attention', 'yet', '?', 'good', '.', 'blaming', 'california', 'for', 'the', 'prison', 'system', 'is', 'an', 'idiotic', 'move', ',', 'if', 'you', 'want', 'to', 'blame', 'someone', ',', 'go', 'to', 'your', 'government', '.', 'so', ',', 'you', 'know', 'personally', '7', 'hospitals', '?', 'oy', ',', 'i', 'do', ""n't"", 'know', 'personally', 'one', 'hosipital', '.', 'in', 'any', 'case', ',', 'only', 'a', 'bastard', 'like', 'you', 'would', 'turn', 'away', 'a', 'person', 'in', 'need', 'of', 'help', '(', 'you', 'should', ""n't"", 'be', 'allowed', 'to', 'hold', 'your', 'badge', ')', 'because', 'they', 'could', ""n't"", 'afford', 'to', '``', 'live', '.', ""''"", '(', 'hence', ',', 'the', 'name', 'calling', ')', '.', 'next', ',', 'this', 'is', ""n't"", 'about', 'health', 'care', '.', 'do', 'you', 'remember', 'what', 'you', 'are', 'arguing', 'for', '?']",16,0,1,"""Racist, bad for the country"""
4229,immigration,"['umm..', 'just', 'because', 'you', 'are', 'a', 'cop', 'does', ""n't"", 'mean', 'you', 'know', 'anything', 'about', 'the', 'law', '.', 'so', 'far', ',', 'you', ""'ve"", 'only', 'proven', 'that', 'you', 'know', 'sh*t', 'about', 'the', 'law', '.', 'i', 'know', 'you', 'can', 'go', 'out', 'and', 'jack', 'anyone', 'that', 'looks', 'hispanic', '.', 'and', ',', 'i', ""'ve"", 'got', 'a', 'million', 'on', 'it', 'that', 'you', 'will', '.', 'are', 'you', 'admitting', '?', 'and', ',', 'yes', ',', 'i', 'do', 'believe', 'the', 'law', 'will', 'make', '``', 'cops', 'like', 'you', ""''"", 'more', 'adamant', 'about', 'violating', 'people', ""'s"", 'rights', '.', 'if', 'it', 'would', ""n't"", ',', 'why', 'did', 'you', 'bring', 'it', 'up', '?']",16,0,1,"""Racist, bad for the country"""
4229,immigration,"['i', 'hear', 'that', 'idiots', 'who', 'ca', ""n't"", 'finish', 'high', 'school', 'because', 'they', 'are', 'too', 'stupid', 'become', 'cops', '.']",16,0,1,"""Racist, bad for the country"""
4229,immigration,"['no', ',', 'i', 'blame', 'cops', 'for', 'being', 'bastards', '.', 'not', 'to', 'mention', 'that', 'cops', 'are', 'idiot', 'pawns', 'in', 'bigger', 'criminals', ""'"", 'games', '.', 'but', 'being', 'the', 'stupid', 'ass', 'that', 'you', 'are', ',', 'i', ""'m"", 'sure', 'you', 'see', 'it', 'as', '``', 'doing', 'your', 'civic', 'duty', '.', ""''"", 'and', ',', 'by', 'the', 'way..', 'you', 'are', 'the', 'idiot', '!', 'not', 'i..']",16,0,1,"""Racist, bad for the country"""
4229,immigration,"['give', 'me', 'your', 'address', '.', 'i', ""'ll"", 'come', 'visit', 'you..']",16,0,1,"""Racist, bad for the country"""
4229,immigration,"['yes', ',', 'you', ""'ve"", 'convinced', 'me', 'you', ""'re"", 'a', 'good', 'cop', '.', 'try', 'not', 'to', 'rape', 'anyone', 'today', ',', 'well', 'ya', '?']",16,0,1,"""Racist, bad for the country"""
4229,immigration,"['of', 'course', 'you', 'would', '.', 'a', 'man', '(', 'if', 'you', 'can', 'be', 'called', '``', 'a', 'man', ""''"", ')', 'like', 'you', 'needs', 'to', 'feel', 'right', '.', 'but', 'guess', 'what', '?', 'you', ""'re"", 'just', 'an', 'idiot', '!']",16,0,1,"""Racist, bad for the country"""
695,immigration,"['immigrants', 'should', ""n't"", 'be', 'granted', 'citizenship', 'for', 'nothing', '.', 'they', 'need', 'to', 'go', 'through', 'the', 'same', 'process', 'as', 'everyone', 'else', '.', 'illegal', 'immigrants', 'born', 'in', 'the', 'us', 'can', 'stay', 'if', 'they', 'were', 'raised', 'here', '.', 'we', 'should', 'say', 'if', 'you', 'want', 'to', 'be', 'a', 'normal', 'citizen', 'then', 'you', 'get', 'out', 'of', 'the', 'country', 'and', 'through', 'the', 'normal', 'process', '.', 'if', 'you', 'get', 'out', 'within', 'this', '6', 'month', 'grace', 'period', 'you', 'will', 'be', 'granted', 'some', 'special', 'rights', 'to', 'faster', 'citizenship', '(', 'so', 'that', 'there', 'is', 'some', 'incentive', 'to', 'get', 'out', ')', '.', 'if', 'illegal', 'immigrants', 'do', ""n't"", 'get', 'out', 'within', 'the', '6', 'month', 'grace', 'period', ',', 'they', 'are', 'now', 'on', 'a', 'black', 'list', 'in', 'which', 'they', 'can', 'never', 'gain', 'citizenship', 'and', 'can', 'and', 'will', 'be', 'arrested', 'and', 'deported', 'as', 'soon', 'as', 'they', 'are', 'found', '.', 'illegals', 'born', 'or', 'raised', 'in', 'the', 'us', 'have', 'to', 'report', 'themselves', 'to', 'the', 'us', 'government', 'and', 'can', 'go', 'through', 'a', 'process', 'to', 'gain', 'citizenship', ',', 'but', 'since', 'they', 'were', 'raised', 'here', 'they', 'can', 'stay', 'until', 'citizenship', 'comes', '.', 'after', 'this', '6', 'month', 'grace', 'period', 'any', 'one', 'entering', 'hospitals', 'in', 'a', 'non-emergency', 'situation', 'ie', '.', 'i', 'need', 'my', 'eyes', 'checked', 'or', 'just', 'regular', 'checkups', 'upset', 'stomach', 'etc', '.', 'will', 'need', 'immigration', 'papers']",16,1,1,"""should we basically grant amnesty to the immigrants"""
1697,immigration,"['awesome', 'argument', '...', 'the', 'problem', 'is', 'that', 'our', 'economy', 'has', 'fallen', 'victim', 'to', 'the', 'low', 'income', 'that', 'immigrants', 'provide', '.', 'i', 'for', 'one', 'do', 'not', 'want', 'to', 'pay', '$', '400', 'for', 'a', 'pair', 'of', 'shoes', '.', 'however', ',', 'if', 'you', 'go', 'after', 'corporations', 'and', 'they', 'hire', 'a', 'legal', ',', 'union', 'worker', '...', 'well', ',', 'you', 'will', 'get', 'one', 'third', 'the', 'production', 'with', 'four', 'times', 'the', 'cost', '...', 'sorry', ',', 'it', 'is', 'just', 'plain', 'reality', '.']",16,1,1,"""should we basically grant amnesty to the immigrants"""
1697,immigration,"['yeah', '!', 'you', 'liberals', 'take', 'the', 'cake', '!', 'you', 'regulate', ',', 'tax', ',', 'protest', ',', 'hate', 'and', 'destroy', 'corporations', '...', 'yet', 'you', 'blame', 'them', 'for', 'going', 'overseas', 'for', 'cheaper', 'labor', '?', '?', '?', '?', 'can', 'you', 'liberals', 'make', 'up', 'your', 'minds', '?', 'then', 'you', 'tout', 'more', 'jobs', '...', 'can', 'you', 'quit', 'the', 'me', ',', 'me', ',', 'me', 'thought', 'process', 'for', 'a', 'little', 'bit', 'and', 'make', 'some', 'feable', 'attempt', 'at', 'a', 'reasonable', 'solution', '?']",16,1,1,"""should we basically grant amnesty to the immigrants"""
1697,immigration,"['they', 'would', 'empower', 'corporations', 'to', 'hire', 'more', 'people', ',', 'provide', 'health', 'insurance', 'and', 'stimulate', 'the', 'economy', 'and', 'not', 'the', 'likes', 'of', 'acorn', ',', 'the', 'black', 'panthers', 'or', 'any', 'other', 'hate', 'filled', 'pathetic', 'organization', 'like', 'obama', 'does', '...', 'just', 'like', 'every', 'single', 'issues', 'caused', 'by', 'liberals', ',', 'a', 'republican', 'will', 'always', 'save', 'their', 'ass', '...', '.', 'all', 'your', 'messiah', 'does', 'is', 'point', 'fingers', 'and', 'lay', 'blame', '...', '.', 'bush', ',', 'bush', ',', 'bush', '...', 'kind', 'of', 'funny', 'though', 'that', 'obama', 'took', 'credit', 'for', 'iraq', 'today', 'when', 'that', 'was', 'all', 'bush', 'along', 'with', 'the', 'scheduled', 'drawdown', '.', 'funny', 'how', 'he', 'takes', 'credit', 'for', 'the', 'good', 'things', 'that', 'bush', 'does', 'but', 'blames', 'every', 'screw', 'up', 'that', 'he', 'does', 'on', 'bush', '...']",16,1,1,"""should we basically grant amnesty to the immigrants"""
1697,immigration,"['you', 'are', 'just', 'an', 'idiot', '.', 'seriously', '!', 'not', 'the', 'smartest', 'is', 'a', 'total', 'understatement', 'and', 'giving', 'yourself', 'way', 'too', 'much', 'credit', '.']",16,1,1,"""should we basically grant amnesty to the immigrants"""
1697,immigration,"['are', 'you', 'freakin', 'serious', '?', 'you', 'idiots', 'tout', 'that', 'clinton', 'left', 'us', 'with', 'a', 'surplus', '!', 'lem', 'me', 'see', ',', 'kennedy', 'got', 'us', 'into', 'the', 'vietnam', 'war', 'and', 'a', 'republican', 'got', 'us', 'out', '.', 'carter', 'handed', 'over', 'the', 'panama', 'canal', 'and', 'left', 'us', 'with', 'a', '40', '%', 'tax', 'burden', 'and', 'reagan', 'got', 'us', 'out', '.', 'additionally', ',', 'carter', ',', 'just', 'like', 'obama', ',', 'got', 'no', 'respect', 'at', 'all', 'by', 'iran', '(', 'sound', 'familiar', '?', ')', 'and', 'the', 'iran', 'hostage', 'crisis', 'was', 'a', 'fiasco', ',', 'which', 'reagan', 'was', 'barely', 'in', 'office', 'and', 'the', 'hostages', 'finally', 'come', 'home', '.', 'remember', 'that', 'bay', 'of', 'pigs', 'invasion', 'thing', 'where', 'kennedy', 'left', 'our', 'military', 'to', 'fend', 'for', 'themselves', 'and', 'die', '.', 'remember', 'that', 'carter', 'hostage', 'rescue', 'fiasco', 'that', 'got', 'people', 'killed', '?', 'remember', 'clinton', 'and', 'blackhawk', 'down', 'where', 'he', 'removed', 'a', 'battalion', 'of', 'marines', ',', 'left', 'a', 'security', 'contingent', 'of', 'delta', 'force', 'and', 'rangers', 'which', 'basically', 'amounted', 'to', 'a', 'small', 'security', 'contingent', ',', 'yet', 'had', 'them', 'doing', 'forward', 'operations', ',', 'which', 'resulted', 'in', 'military', 'getting', 'killed', '.', 'why', 'was', 'obama', ""'s"", 'pick', 'mcchrystal', 'removed', 'and', 'replaced', 'by', 'petraeus', '?', 'simple', ',', 'liberals', 'can', 'not', 'lead', 'to', 'save', 'their', 'asses', '!', 'it', 'is', 'that', 'simple', '!', 'when', 'liberals', 'are', 'in', 'charge', ',', 'people', 'die', ',', 'this', 'country', 'gets', 'no', 'respect', 'and', 'places', 'us', 'all', 'in', 'danger', '.', 'wake', 'up', 'and', 'look', 'at', 'north', 'korea', 'and', 'iran', '!', 'while', 'obama', 'sits', 'there', 'and', 'lays', 'blame', ',', 'bush', 'did', 'something', ',', 'so', 'did', 'reagan', 'and', 'every', 'other', 'conservative', 'leader', '.', 'obama', 'is', 'merely', 'going', 'to', 'get', 'us', 'into', 'war', 'with', 'iran', ',', 'north', 'korea', 'and', 'eventually', 'turkey', '.', 'see', 'socialism', 'does', 'not', 'work', '!', 'look', 'at', 'greece', 'and', 'do', ""n't"", 'bullsh*t', 'me', 'with', 'your', 'go', 'home', 'ghetto', 'rhetoric', '...', '.', 'the', 'facts', 'are', 'what', 'they', 'are', '...', 'how', 'is', 'charlie', 'rangel', 'doing', '?']",16,1,1,"""should we basically grant amnesty to the immigrants"""
1697,immigration,"['how', 'dare', 'you', 'ask', 'that', 'question', 'when', 'obama', 'doubled', 'our', 'debt', 'with', 'nothing', 'to', 'show', 'for', 'it', '!']",16,1,1,"""should we basically grant amnesty to the immigrants"""
1697,immigration,"['idiot', 'please', '!', 'you', 'are', 'crying', 'surplus', ',', 'surplus', ',', 'surplus', 'and', 'you', 'are', 'going', 'to', 'cite', 'some', 'idiot', 'left', 'wing', 'web-site', 'which', 'has', 'absolutely', 'nothing', 'to', 'do', 'with', 'immigration', 'since', 'your', 'messiah', 'wo', ""n't"", 'do', 'a', 'damn', 'thing', 'about', 'that', '!', 'so', 'go', 'back', 'to', 'your', 'sandbox', '.']",16,1,1,"""should we basically grant amnesty to the immigrants"""
1697,immigration,"['the', 'tax', 'cuts', 'in', 'the', 'twenties', 'resulted', 'in', 'the', 'roaring', 'twenties', 'you', 'moron', '!', '!', '!', '!', '!', '!', '!', '!', 'then', 'in', '1945', 'the', 'economy', 'boomed', 'due', 'to', 'ww2', 'but', 'you', 'are', 'such', 'an', 'idiot', 'to', 'think', 'that', 'higher', 'taxes', 'did', 'it', '?', '?', '?', '?', 'omg', 'you', 'are', 'rolling', 'in', 'stupidity', '!', '!', '!', '!', 'you', 'have', 'drowned', 'in', 'the', 'kool', 'aid', '!', '!', '!', 'rotflmao']",16,1,1,"""should we basically grant amnesty to the immigrants"""
1697,immigration,"['it', 'is', 'so', 'typical', 'for', 'libtards', 'to', 're-write', 'history', 'to', 'suit', 'their', 'purposes', '!', 'rotflmao', '!', 'tax', 'increases', 'resulted', 'in', 'economic', 'growth', '...', '.', 'just', 'like', 'co2', 'jumps', 'before', 'increases', 'in', 'temperature', ',', 'when', 'the', 'facts', 'are', 'that', 'higher', 'co2', 'occurs', 'after', 'increases', 'in', 'temperature', '.', 'the', 'kool', 'aid', 'will', 'kill', 'you', '!']",16,1,1,"""should we basically grant amnesty to the immigrants"""
1697,immigration,"['you', 'need', 'to', 'check', 'the', 'facts', 'on', 'clinton', 'there', '...', '.', 'uhm', '...', 'the', 'economy', 'boomed', 'after', 'the', 'republicans', 'took', 'over', 'congress', 'and', 'stopped', 'clinton', 'from', 'spending', 'any', 'more', '...', '.', 'you', 'truly', 'need', 'to', 'check', 'your', 'facts', '!']",16,1,1,"""should we basically grant amnesty to the immigrants"""
1697,immigration,"['do', 'a', 'web', 'search', 'and', 'type', 'in', 'the', 'search', ',', '``', 'tax', 'increases', 'cause', 'a', 'boom', 'to', 'the', 'economy', ""''"", 'and', 'see', 'what', 'you', 'get', '...', 'rotflmao', 'you', 'drank', 'the', 'kool', 'aid', '...', '.', 'i', 'spelled', 'it', 'correctly', 'so', 'all', 'you', 'have', 'to', 'do', 'is', 'cut', 'and', 'paste', '...', 'lol', 'only', 'an', 'idiot', 'would', 'think', 'that', 'government', 'spending', 'money', 'is', 'better', 'for', 'the', 'economy', 'than', 'the', 'people', '...', 'i', 'calls', 'its', 'likes', 'i', 'sees', 'its', '...', 'moron', '!']",16,1,1,"""should we basically grant amnesty to the immigrants"""
1697,immigration,"['here', 'isa', 'helps', 'u', 'outs', '...', 'the', 'search', '...', 'tax', 'increases', 'cause', 'the', 'economy', 'to', 'boom', 'the', 'top', 'links', '...', '...', '...', '...', '..', 'http', ':', '//www.aei.org/outlook/13527', 'http', ':', '//www.polyconomics.com/ssu/ssu-970808.htm', 'http', ':', '//www.atr.org/userfiles/052709lt-il-oppositiontotaxincreasebudget.pdf', 'http', ':', '//en.wikipedia.org/wiki/fiscal_drag', 'this', 'is', 'a', 'very', 'interesting', 'article', 'that', 'contradicts', 'itself', 'by', 'saying', 'that', 'tax', 'cuts', 'do', 'not', 'cause', 'economic', 'growth', 'when', 'their', 'own', 'charts', 'show', 'that', 'it', 'does', '!', '!', '!', 'lmao', 'http', ':', '//curiouscapitalist.blogs.time.com/2008/01/28/do_capital_gains_tax_cuts_incr/']",16,1,1,"""should we basically grant amnesty to the immigrants"""
1697,immigration,"['you', 'fell', 'for', 'this', 'one', 'stupid', '!', 'those', 'tax', 'increases', 'that', 'you', 'so', 'illustriously', 'tout', 'as', 'saving', 'the', 'economy', 'were', 'the', 'exact', 'same', 'tax', 'increases', 'that', 'limited', 'and', 'destroyed', 'progress', '!', 'you', 'call', 'yourselves', 'progressives', '?', 'i', 'just', 'do', ""n't"", 'get', 'it', 'when', 'you', 'think', 'that', 'taxation', 'is', 'the', 'way', ',', 'the', 'government', 'spending', 'money', 'is', 'more', 'lucrative', 'for', 'the', 'economy', 'than', 'the', 'people', 'spending', 'money', ',', 'then', 'you', 'back', 'it', 'up', 'with', 'total', 'bullshit', '!', '!', '!', '!', 'i', 'swear', 'if', 'all', 'the', 'liberals', 'would', 'just', 'walk', 'into', 'the', 'ocean', 'like', 'lemmings', ',', 'this', 'entire', 'world', 'would', 'be', 'a', 'much', 'better', 'place', '...', '...', 'greece', '...', 'socialist', 'and', 'failing', 'canada', '...', '..', 'considering', 'changes', 'because', 'they', 'ca', ""n't"", 'afford', 'their', 'health', 'care', 'system', 'great', 'britain', '...', '..', 'going', 'bankrupt', 'because', 'of', 'theirs', 'your', 'messiah', 'and', 'his', 'ridiculous', 'policies', 'are', 'failing', 'miserably', ',', 'just', 'like', 'when', 'carter', 'attempted', 'them', '.', 'i', 'pray', 'to', 'god', 'that', 'there', 'is', 'another', 'reagan', 'out', 'there', 'to', 'save', 'this', 'country', 'after', 'the', 'messiah', 'totally', 'f**ks', 'it', 'up', '!', '!', '!', '!', '!', '!', '!', '!', '!', '!', '!', '!', '!', '!', '!', '!', '!', '!', '!', '!', '!', '!', '!', '!', '!', '!', '!', '!', '!', '!', '!', '!', '!', '!', '!', '!', '!', '!', '!', '!', '!', '!', '!', '!', '!', '!', '!', '!', '!', '!', '!', '!', '!', '!', '!', '!', '!', '!', '!', '!', '!', '!', '!', '!', '!', '!', '!', '!', '!', '!', '!', '!', '!', '!', '!', '!', '!', '!', '!', '!', '!', '!', '!', '!', '!', '!', '!', '!', '!', '!', '!', '!', '!', '!', '!', '!', '!', '!', '!', '!', '!', '!', '!', '!', '!', '!', '!', '!', '!', '!', '!', '!', '!', '!', '!', '!', '!', '!', '!', '!', '!', '!', '!', '!', '!', '!', '!', '!', '!', '!', '!', '!', '!', '!', '!', '!', '!', '!', '!', '!', '!', '!', '!', '!', '!', '!', '!', '!', '!', '!', '!', '!', '!', '!', '!', '!', '!', '!', '!', '!', '!', '!', '!', '!', '!', '!', '!', '!', '!', '!', '!', '!', '!', '!', '!', '!', '!', '!', '!', '!', '!', '!', '!', '!', '!', '!', '!', '!', '!', '!', '!', '!', '!', '!', '!', '!', '!', '!', '!', '!', '!', '!', '!', '!', '!', '!', '!', '!', '!', '!', '!', '!', '!', '!', '!', '!', '!', '!']",16,1,1,"""should we basically grant amnesty to the immigrants"""
1697,immigration,"['yeah', ',', 'look', 'at', 'page', 'seven', '...', 'look', 'really', 'hard', '...', '.', 'do', 'you', 'see', 'where', 'that', 'upward', 'trend', 'started', '?', 'now', 'tell', 'me', 'that', 'clinton', 'started', 'that', 'upward', 'trend', 'before', 'he', 'got', 'into', 'office', '...', '.', 'go', 'ahead', 'liberal', 'since', 'you', 'twisted', 'and', 'turded', 'every', 'other', 'fact', 'to', 'cater', 'to', 'your', 'own', 'agenda', '...', '.', 'clintard', 'rode', 'the', 'coatails', 'of', 'a', 'corrected', 'economy', 'corrected', 'by', 'who', '?', '?', '?', '?', '?', '?', 'notice', 'how', 'during', 'the', 'clintard', 'administration', ',', 'another', 'downturn', 'started', 'and', 'then', 'where', 'does', 'it', 'go', 'back', 'up', 'again', '?', '?', '?', '?', 'thought', 'so', '!', 'you', 'got', 'it', 'idiot', '!']",16,1,1,"""should we basically grant amnesty to the immigrants"""
1697,immigration,"['you', 'are', 'an', 'utter', 'idiot', '!', '!', '!', '!', 'you', 'think', 'that', 'if', 'the', 'government', 'takes', 'half', 'of', 'my', 'money', ',', 'that', 'will', 'make', 'me', 'spend', 'more', '?', 'you', 'think', 'the', 'government', 'should', 'run', 'businesses', 'when', 'it', 'can', 'not', 'even', 'run', 'itself', 'plus', 'healthcare', '?', 'you', 'are', 'braindead', '!', '!', '!', '!', '!']",16,1,1,"""should we basically grant amnesty to the immigrants"""
1697,immigration,"['you', 'are', 'a', 'moron', ',', 'plain', 'and', 'simple', '!']",16,1,1,"""should we basically grant amnesty to the immigrants"""
1697,immigration,"['when', 'talking', 'to', 'retards', ',', 'one', 'must', 'raise', 'their', 'voice', 'a', 'bit', '.']",16,1,1,"""should we basically grant amnesty to the immigrants"""
1697,immigration,"['the', 'water', 'is', 'bluer', '?', '?', '?', '?', 'rotflmao', 'tax', 'cuts', 'on', 'millionaires', 'and', 'billionaires', 'hurt', 'the', 'economy', 'huh', '?', 'do', 'you', 'have', 'an', 'etrade', 'account', '?', 'do', 'you', '?', 'how', 'about', 'scott', 'trade', 'or', 'some', 'other', 'brokerage', 'account', '?', 'i', 'will', 'dummy', 'this', 'down', 'for', 'you', 'so', 'that', 'you', 'can', 'understand', '.', 'i', 'am', 'not', 'good', 'at', 'ebonics', ',', 'so', 'i', 'will', 'have', 'to', 'write', 'in', 'plain', 'english', '.', 'there', 'is', 'a', 'poor', 'guy', 'on', 'the', 'street', 'and', 'i', 'give', 'him', 'a', '$', '100', 'bill', 'and', 'there', 'is', 'a', 'rich', 'guy', 'on', 'the', 'street', 'and', 'i', 'give', 'him', 'the', 'same', '$', '100', '...', '.', 'let', ""'s"", 'go', 'over', 'some', 'of', 'the', 'things', 'the', 'poor', 'guy', 'would', 'do', 'with', 'the', 'money', '...', '.', 'buy', 'beer', ',', 'liquor', 'or', 'possibly', 'drugs', '...', 'who', 'knows', '...', 'maybe', 'take', 'his', 'kids', 'to', 'mcdonalds', 'or', 'even', 'chucky', 'cheese', '...', 'maybe', '...', 'what', 'does', 'the', 'rich', 'guy', 'do', '?', 'let', ""'s"", 'say', 'we', 'cut', 'taxes', 'and', 'give', 'every', 'middle', 'and', 'low', 'income', 'family', 'a', '$', '1000', 'a', 'year', 'tax', 'break', '...', '.', 'what', 'do', 'they', 'do', 'with', 'the', 'money', '?', 'vegas', 'maybe', ',', 'an', 'extra', 'vacation', 'or', 'a', 'bigger', 'and', 'better', 'vacation', 'in', 'cabo', 'or', 'somewhere', 'nice', 'like', 'hawaii', '...', '.', 'hmmmm', 'what', 'does', 'the', 'rich', 'guy', 'do', '?', 'why', 'are', 'rich', 'guys', 'rich', '?', 'it', 'boils', 'down', 'to', 'fiscal', 'responsibility', '...', '.', 'very', 'few', 'poor', 'people', 'have', 'an', 'etrade', 'account', 'or', 'brokerage', 'account', '.', 'when', 'a', 'poor', 'guy', 'gets', 'money', ',', 'that', 'poor', 'guy', 'supports', 'corporations', 'like', 'the', 'drug', 'cartels', 'across', 'the', 'border', ',', 'or', 'the', 'whiskey', 'companies', 'in', 'tennessee', 'or', 'maybe', 'even', 'mcdonalds', '...', '.', 'but', ',', 'does', 'he', 'hire', 'someone', 'with', 'that', 'money', '?', 'see', ',', 'rich', 'guys', ',', 'since', 'they', 'really', 'do', ""n't"", 'need', 'the', 'money', ',', 'tend', 'to', 'invest', 'that', 'money', 'right', 'back', 'into', 'the', 'economy', '.', 'that', ""'s"", 'right', '!', 'tax', 'cuts', 'on', 'the', 'rich', 'are', 'the', 'only', 'tax', 'cuts', 'that', 'make', 'sense', '!', 'you', 'spit', 'out', 'this', 'dumb', 'ass', 'rhetoric', 'about', 'taxing', 'the', 'rich', ',', 'then', 'you', 'argue', 'at', 'how', 'irresponsible', 'government', 'is', 'touting', 'that', 'only', 'one', 'president', 'in', 'the', 'last', '110', 'years', 'actually', 'balanced', 'the', 'budget', '(', 'which', 'is', 'a', 'stretch', 'to', 'say', 'it', 'was', 'clintard', ')', 'yet', 'you', 'want', 'to', 'take', 'money', 'away', 'from', 'those', 'that', 'we', 'should', 'be', 'investing', 'in', 'and', 'throwing', 'it', 'into', 'a', 'money', 'pit', 'called', 'the', 'government', '!', 'hmmmmm', 'if', 'i', 'were', 'rich', ',', 'i', 'would', 'say', 'screw', 'you', 'and', 'simply', 'not', 'make', 'any', 'money', 'at', 'all', ',', 'so', 'you', 'could', ""n't"", 'tax', 'me', 'and', 'allow', 'the', 'economy', 'to', 'stagnate', 'and', 'just', 'live', 'off', 'of', 'my', 'existing', 'money', '.', 'where', 'is', 'the', 'incentive', 'since', 'all', 'you', 'are', 'going', 'to', 'do', 'is', 'take', 'my', 'money', 'anyway', '?', 'seriously', '!', 'it', 'is', 'so', 'ironic', 'to', 'me', 'that', 'libtards', 'simply', 'ignore', 'what', 'is', 'going', 'on', 'in', 'europe', 'and', 'particularly', 'greece', '.', 'socialism', 'simply', 'does', 'not', 'work', '!', 'what', 'makes', 'you', 'utterly', 'stupid', 'is', 'that', 'you', 'are', 'a', 'typical', 'libtard', '...', 'libtards', 'want', 'to', 'punish', 'corporations', ',', 'yet', 'ask', 'them', 'to', 'give', 'out', 'more', 'jobs', '.', 'you', 'want', 'to', 'tax', 'the', 'rich', ',', 'have', 'them', 'provide', 'welfare', 'to', 'the', 'poor', 'along', 'with', 'provide', 'products', 'and', 'services', 'at', 'cheap', 'and', 'affordable', 'rates', '.', 'you', 'want', 'the', 'rich', 'to', 'provide', 'fuel', ',', 'electricity', ',', 'cars', ',', 'homes', 'and', 'financial', 'services', ',', 'yet', 'you', 'do', ""n't"", 'want', 'them', 'to', 'profit', '.', 'a', 'libtard', 'thinks', 'that', 'a', 'poor', 'man', 'having', 'money', 'is', 'more', 'lucrative', 'to', 'the', 'economy', 'than', 'a', 'rich', 'person', 'who', 'hires', 'and', 'invests', 'in', 'this', 'economy', 'from', 'having', 'it', '...', '.', 'another', 'thing', '...', '.', 'do', 'you', 'want', 'to', 'know', 'the', 'secret', 'on', 'how', 'to', 'control', 'black', 'people', '?', 'see', ',', 'democrats', 'figured', 'out', 'that', 'they', 'do', ""n't"", 'need', 'their', 'white', 'cloaks', 'and', 'their', 'hoods', 'anymore', '.', 'they', 'do', ""n't"", 'have', 'to', 'burn', 'crosses', 'or', 'drag', 'a', 'black', 'man', 'behind', 'a', 'truck', 'to', 'control', 'them', '.', 'all', 'they', 'have', 'to', 'do', 'is', 'throw', 'social', 'programs', 'at', 'them', '.', 'if', 'someone', 'is', 'on', 'welfare', ',', 'they', 'are', 'less', 'likely', 'to', 'work', 'because', 'if', 'they', 'do', ',', 'then', 'they', 'might', 'lose', 'that', 'fee', 'money', '.', 'they', 'control', 'where', 'they', 'live', 'by', 'what', 'is', 'known', 'as', 'section', 'eight', 'housing', '.', 'thereby', 'they', 'can', 'keep', 'them', 'in', 'certain', 'parts', 'of', 'town', 'so', 'that', 'they', 'can', 'be', 'monitored', ',', 'controlled', 'and', 'they', 'can', 'be', 'with', ""'like-minded"", ""'"", 'individuals', '(', 'better', 'than', 'segregation', ')', '.', 'another', 'thing', 'is', 'that', 'if', 'they', 'want', 'the', 'rest', 'of', 'society', 'to', 'also', 'want', 'to', 'keep', 'them', 'in', ""'their"", ""'"", 'place', ',', 'then', 'you', 'distribute', 'drugs', ',', 'so', 'they', 'remain', 'weak', 'and', 'dependant', '.']",16,1,1,"""should we basically grant amnesty to the immigrants"""
1697,immigration,"['you', 'have', 'not', 'stated', 'one', 'fact', 'yet', '!', 'everything', 'that', 'you', 'have', 'said', 'is', 'bullshit', 'made', 'up', 'by', 'liberals', '!', 'typical', 'liberals', 'have', 're-written', 'history', 'to', 'cater', 'to', 'their', 'agenda', '...', '.', 'you', 'swallowed', 'it', 'like', 'a', 'prostitute', '!']",16,1,1,"""should we basically grant amnesty to the immigrants"""
1697,immigration,"['nothing', 'is', 'made', 'in', 'the', 'usa', 'because', 'liberals', 'have', 'ran', 'corporations', 'out', 'of', 'this', 'country', '...', 'take', 'for', 'instance', 'that', 'bp', 'spill', '...', '.', 'when', 'obama', 'stops', 'oil', 'production', 'altogether', ',', 'guess', 'where', 'those', 'oil', 'rigs', 'are', 'going', '?', 'brazil', 'and', 'off', 'the', 'coast', 'of', 'africa', '...', '.', 'lem', 'me', 'see', ',', 'there', 'are', 'more', 'liberal', 'schemes', 'to', 'destroy', 'companies', 'on', 'the', 'horizon', '...', 'ie', 'cap', 'and', 'trade', '...', 'so', ',', 'you', 'libtards', 'regulate', ',', 'fine', ',', 'tax', 'and', 'everything', 'else', 'to', 'corporations', 'and', 'you', 'expect', 'them', 'to', 'stay', 'like', 'an', 'abused', 'dog', '?', '?', '?', '?', 'you', 'are', 'compounding', 'the', 'idiot', 'factor', '!', '!', '!', '!']",16,1,1,"""should we basically grant amnesty to the immigrants"""
1697,immigration,"['reagan', 'was', 'pretty', 'much', 'the', 'only', 'president', 'who', ',', 'while', 'in', 'office', ',', 'we', 'were', 'not', 'at', 'war', ',', 'the', 'world', 'respected', 'us', ',', 'the', 'berlin', 'wall', 'fell', ',', 'communism', 'fell', ',', 'the', 'military', 'was', 'strong', 'and', 'people', 'were', 'happy', '.', 'yet', 'you', 'libtards', 're-wrote', 'history', 'and', 'ignored', 'all', 'of', 'that', ',', 'just', 'like', 'robert', 'byrd', ""'s"", 'and', 'democrats', ""'"", 'klan', 'membership', '.']",16,1,1,"""should we basically grant amnesty to the immigrants"""
1697,immigration,"['the', 'topic', 'is', 'immigration', 'you', 'idiot', '!', '!', '!', '!']",16,1,1,"""should we basically grant amnesty to the immigrants"""
1697,immigration,"['everybody', 'do', '?', 'are', 'you', 'freakin', 'serious', '?', '?', '?', 'damn', 'you', 'are', 'illiterate', '!']",16,1,1,"""should we basically grant amnesty to the immigrants"""
1697,immigration,"['you', 'corrected', 'me', '?', '?', '?', 'what', 'a', 'laugh', '!', '!', '!', 'rotflmao']",16,1,1,"""should we basically grant amnesty to the immigrants"""
1697,immigration,"['yes', ',', 'tax', 'cuts', 'do', 'stimulate', 'the', 'economy', '!', 'with', 'your', 'way', 'of', 'thinking', ',', 'you', 'are', 'doing', 'a', 'store', 'a', 'favor', 'when', 'you', 'rob', 'them', 'and', 'actually', 'helping', 'them', 'make', 'more', 'money', '...', '.', 'just', 'does', ""n't"", 'make', 'sense', 'and', 'is', 'not', 'what', 'history', 'indicates', '.']",16,1,1,"""should we basically grant amnesty to the immigrants"""
1697,immigration,"['i', 'could', 'never', 'become', 'a', 'democrat', ',', 'i', 'love', 'this', 'country', 'too', 'much', '.']",16,1,1,"""should we basically grant amnesty to the immigrants"""
1697,immigration,"['i', 'gots', 'me', 'an', 'idea', '...', 'how', 'about', 'i', 'remain', 'conservative', 'so', 'that', 'there', 'will', 'be', 'people', 'who', 'can', 'repair', 'what', 'democrats', 'break', '...', 'economy', ',', 'military', ',', 'foreign', 'relations', ',', 'etc', ',', 'also', ',', 'so', 'that', 'there', 'will', 'be', 'at', 'least', 'some', 'people', 'that', 'are', 'willing', 'to', 'work', 'and', 'pay', 'taxes', 'and', 'support', 'not', 'only', 'workers', ',', 'but', 'also', 'corporations', 'so', 'that', 'those', 'workers', 'can', 'work', ',', 'make', 'a', 'decent', 'wage', 'and', 'can', 'provide', '...', 'oh', ',', 'i', 'dunno', ',', 'maybe', 'health', 'insurance', 'and', 'all', 'that', 'goody', ',', 'goody', 'stuff', 'that', 'the', 'government', 'seems', 'to', 'think', 'that', 'they', 'can', 'best', 'provide', ',', 'even', 'though', 'every', 'failed', 'program', 'in', 'this', 'country', 'has', 'government', 'attached', 'to', 'it', ',', 'including', 'the', 'soon', 'to', 'be', 'bankrupt', 'social', 'security', 'system', '...', 'i', 'mean', 'farbeit', 'from', 'me', 'to', 'want', 'to', 'invest', 'in', 'those', 'entities', 'that', 'make', 'money', 'instead', 'of', 'wasting', 'it', 'on', 'more', 'and', 'bigger', 'government', 'who', 'can', 'not', 'even', 'manage', 'a', 'budget', ',', 'much', 'less', 'make', 'some', 'sort', 'of', 'profit', '...', 'so', ',', 'i', 'will', 'remain', 'conservative', 'while', 'the', 'euphoric', 'blissful', 'libtards', 'can', 'safely', 'make', 'up', 'crap', ',', 'alter', 'history', 'and', 'pat', 'themselves', 'on', 'the', 'back', 'for', 'everything', 'that', 'a', 'conservative', 'does', 'but', 'takes', 'the', 'credit', 'for', '.', 'how', 'is', 'charlie', 'rangel', 'and', 'maxine', 'waters', 'doing', 'on', 'their', 'tax', 'issues', '?', 'it', ""'s"", 'ok', 'that', 'they', 'do', ""n't"", 'pay', 'taxes', 'because', 'they', 'are', 'liberal', '.', 'if', 'they', 'were', 'conservative', ',', 'then', 'obviously', 'they', 'would', 'be', 'in', 'prison', 'by', 'now', '.']",16,1,1,"""should we basically grant amnesty to the immigrants"""
1697,immigration,"['bush', 'recession', '?', '?', '?', '?', 'uh', 'try', 'again', 'libtard', '!', 'i', 'guess', 'you', 'totally', 'forgot', 'about', 'that', 'libtard', 'acorn', 'thingy', 'huh', '?', 'recession', 'caused', 'by', 'clintards', 'telling', 'the', 'banks', 'to', 'give', 'loans', 'to', 'people', 'who', 'ca', ""n't"", 'afford', 'them', ',', 'otherwise', 'they', 'would', 'be', 'called', 'racist', '...', 'i', 'guess', 'you', 'glossed', 'over', 'that', 'part', 'huh', '?', 'bush', 'recession', '...', 'wow', '!', 'plus', 'he', 'caused', 'katrina', '!', 'damn', 'you', 'libtards', 'never', 'stop']",16,1,1,"""should we basically grant amnesty to the immigrants"""
1697,immigration,"['hey', 'moron', '!', '!', '!', '!', 'i', 'tell', 'the', 'truth', ',', 'look', 'up', 'fucking', 'acorn', 'you', 'pathetic', 'retard', '!', '!', '!', 'i', 'have', 'the', 'link', 'that', 'proves', 'my', 'point', 'but', 'it', 'requires', 'reading', 'which', 'i', 'do', ""n't"", 'think', 'you', 'are', 'too', 'or', 'as', 'you', 'spell', 'it', 'to', 'good', 'at', '...', '.', 'dumbass', '!', '!', '!', '!', '!', 'http', ':', '//www.taxcutsincreaserevenue.com/index.htm']",16,1,1,"""should we basically grant amnesty to the immigrants"""
1697,immigration,"['your', 'own', 'page', '7', 'showed', 'that', 'the', 'recession', 'started', 'by', 'clintard', '!', '!', '!', '!', 'you', 'idiot', '!', '!', '!', 'what', ',', 'you', 'did', ""n't"", 'think', 'i', 'would', 'look', 'at', 'your', 'crap', '?', '?', '?', 'http', ':', '//www.brookesnews.com/042302clintonrecession.html', 'the', 'us', 'recession', 'started', 'under', 'bill', 'clinton', ',', 'not', 'president', 'bush', 'gerard', 'jackson', 'brookesnews.com', 'monday', '23', 'february', '2004', 'mike', 'allen', 'of', 'the', 'washington', 'post', 'reported', 'that', 'the', 'nber', '(', 'national', 'bureau', 'of', 'economic', 'research', ')', 'now', 'claims', 'that', 'the', 'us', 'recession', 'started', 'in', 'march', '2001', '(', 'recession', ""'s"", 'timing', 'becomes', 'an', 'issue', '20', 'feb', ')', '.', 'the', 'problem', 'with', 'quoting', 'this', 'organisationâ€™s', 'views', 'on', 'the', 'timing', 'of', 'recessions', 'is', 'that', 'its', 'dating', 'process', ',', 'including', 'its', 'definition', 'of', 'recessions', ',', 'is', 'basically', 'useless', '.', 'last', 'economic', 'recession', 'began', 'under', 'clinton', ',', 'despite', 'rewrites', 'by', 'the', 'left', '17', 'may', '2004', 'don', 'luskin']",16,1,1,"""should we basically grant amnesty to the immigrants"""
1697,immigration,"['you', 'morons', 'keep', 'trying', 'to', 're-write', 'history', 'but', 'the', 'facts', 'are', 'that', 'clintard', 'started', 'the', 'recession', '...', 'now', 'looky', 'on', 'page', 'seven', '!', '!', '!', '!', '!', '!', '!', '!', 'moron', '!', '!', '!']",16,1,1,"""should we basically grant amnesty to the immigrants"""
1697,immigration,"['look', 'at', 'your', 'own', 'damn', 'reference', 'idiot', '!', '!', '!', '!', 'clintard', 'caused', 'the', 'recession', '!', '!', '!', '!', 'those', 'ridiculous', 'adjustable', 'rate', 'mortgages', 'were', 'started', 'by', 'clintard', 'and', 'acorn', 'was', 'right', 'there', 'getting', 'loans', 'to', 'low', 'income', 'people', 'that', 'they', 'could', ""n't"", 'afford', '...', '.']",16,1,1,"""should we basically grant amnesty to the immigrants"""
1697,immigration,"['another', 'idiot', 'proven', 'wrong', 'again', '!', '!', '!', '!', '!', '!', '!', '!', '!', '!', '!', '!', '!', '!', '!']",16,1,1,"""should we basically grant amnesty to the immigrants"""
1697,immigration,"['is', 'there', 'any', 'more', 'skewed', 'and', 'altered', 'information', 'you', 'would', 'like', 'to', 'throw', 'out', 'there', '?', '?', '?', '?', 'seriously', '!']",16,1,1,"""should we basically grant amnesty to the immigrants"""
1697,immigration,"['now', 'it', 'be', 'the', 'bush', 'recession', '...', '.', 'hmmm', 'rotflmao']",16,1,1,"""should we basically grant amnesty to the immigrants"""
1697,immigration,"['it', 'would', 'be', 'nice', 'if', 'you', 'read', 'your', 'own', 'stuff', 'before', 'shooting', 'off', 'at', 'the', 'mouth', '...', 'but', 'i', 'guess', 'you', 'would', ""n't"", 'be', 'libtard', 'if', 'you', 'did', '...']",16,1,1,"""should we basically grant amnesty to the immigrants"""
1697,immigration,"['uh', ',', 'who', 'did', 'you', 'call', 'stupid', '?', '?', '?', '?', 'rotflmao']",16,1,1,"""should we basically grant amnesty to the immigrants"""
1697,immigration,"['lem', 'me', 'see', '...', 'let', ""'s"", 'take', 'money', 'from', 'corporations', ',', 'who', 'have', 'to', 'lay', 'people', 'off', 'in', 'order', 'to', 'give', 'that', 'money', 'to', 'low', 'income', 'people', 'so', 'they', 'do', ""n't"", 'have', 'to', 'work', '...', '.', 'hmmmmm', 'see', 'why', 'all', 'we', 'have', 'to', 'do', 'to', 'get', 'a', 'conservative', 'into', 'office', 'is', 'to', 'simply', 'let', 'libtards', 'speak', '?']",16,1,1,"""should we basically grant amnesty to the immigrants"""
1697,immigration,"['i', 'guess', 'you', 'think', 'that', 'poor', 'people', 'are', 'also', 'the', 'ones', 'that', 'invest', 'and', 'trade', 'in', 'nyse', '(', 'that', ""'s"", 'new', 'york', 'stock', 'exchange', ')', ',', 'chicago', 'mercantile', ',', 'nasdaq', 'and', 'all', 'the', 'rest', '...', '..', 'funny', 'how', 'we', 'cut', 'taxes', 'for', 'the', 'poor', ',', 'yet', 'you', 'think', 'that', 'those', 'markets', 'are', 'going', 'to', 'boom', '...', '.', 'lol']",16,1,1,"""should we basically grant amnesty to the immigrants"""
1697,immigration,"['ttp', ':', '//conservativeoutpost.com/i_guess_tax_cuts_stimulate_economy_after_al']",16,1,1,"""should we basically grant amnesty to the immigrants"""
1697,immigration,"['how', 'abouts', 'we', 'blame', 'obama', ""'s"", 'failed', 'health', 'care', 'plan', 'on', 'bush', 'too', '?', '?', '?', '?', 'sounds', 'good', 'to', 'me', 'since', 'he', 'seems', 'to', 'be', 'obama', ""'s"", 'crutch', '...', 'funny', 'how', 'he', 'took', 'credit', 'for', 'iraq', 'is', ""n't"", 'it', '?', 'then', 'that', 'mcchrystal', 'fiasco', 'where', 'obama', ""'s"", 'own', 'general', 'could', ""n't"", 'do', 'the', 'job', 'and', 'petraeus', 'had', 'to', 'be', 'put', 'in', 'charge', '...', 'it', 'just', 'wreaks', 'of', 'ignorance', 'and', 'idiocy', '.', 'i', 'have', 'never', 'seen', 'a', 'vacuum', 'of', 'an', 'administration', 'since', 'carter', '...']",16,1,1,"""should we basically grant amnesty to the immigrants"""
1013,immigration,"['should', 'we', 'basically', 'grant', 'amnesty', 'to', 'the', 'immigrants', ',', 'well', 'when', 'you', 'put', 'basically', 'in', 'the', 'question', 'you', 'made', 'it', 'biased', ',', 'but', 'i', 'do', ""n't"", 'really', 'just', 'believe', 'in', 'giving', 'them', 'amnesty', 'i', 'think', 'there', 'should', 'be', 'a', 'reform', 'done', 'to', 'immigration', 'laws', 'to', 'make', 'the', 'process', 'a', 'bit', 'faster', 'and', 'easier.because', 'if', 'an', 'immigrant', 'tries', 'to', 'look', 'for', 'a', 'better', 'opportunity', 'for', 'his', 'family', 'i', 'do', ""n't"", 'think', 'we', 'should', 'just', 'shut', 'down', 'the', 'doors', 'i', 'think', 'we', 'should', 'give', 'them', 'a', 'chance', 'for', 'a', 'better', 'life', '.']",16,1,1,"""should we basically grant amnesty to the immigrants"""
